<openerp>
    <data>





        <record id="seq_type_emd" model="ir.sequence.type">
            <field name="name">EMD Payment Code</field>
            <field name="code">emd.payment</field>
        </record>

        <record id="emd_payment_seq" model="ir.sequence">
            <field name="name">EMD Payment Code</field>
            <field name="code">emd.payment</field>
            <field name="prefix">EMD/</field>
            <field name="padding">3</field>
            <field name="company_id" eval="False"/>
        </record>


        <record id="seq_type_grr" model="ir.sequence.type">
            <field name="name">GRR Code</field>
            <field name="code">grr.code</field>
        </record>

        <record id="goods_recieve_seq" model="ir.sequence">
            <field name="name">GRR Code</field>
            <field name="code">grr.code</field>
            <field name="prefix">/</field>
            <field name="padding">3</field>
            <field name="company_id" eval="False"/>
        </record>



         <record id="seq_type_mrn" model="ir.sequence.type">
            <field name="name">MRN Code</field>
            <field name="code">mrn.code</field>
        </record>

        <record id="mrn_seq" model="ir.sequence">
            <field name="name">MRN Code</field>
            <field name="code">mrn.code</field>
            <field name="prefix">/</field>
            <field name="padding">3</field>
            <field name="company_id" eval="False"/>
        </record>


         <record id="seq_type_gtn" model="ir.sequence.type">
            <field name="name">GTN Code</field>
            <field name="code">gtn.code</field>
        </record>

        <record id="gtn_seq" model="ir.sequence">
            <field name="name">GTN Code</field>
            <field name="code">gtn.code</field>
            <field name="prefix">/</field>
            <field name="padding">3</field>
            <field name="company_id" eval="False"/>
        </record>

         <record id="seq_type_dbn" model="ir.sequence.type">
            <field name="name">DBN Code</field>
            <field name="code">dbn.code</field>
        </record>

        <record id="dbn_seq" model="ir.sequence">
            <field name="name">DBN Code</field>
            <field name="code">dbn.code</field>
            <field name="prefix">/</field>
            <field name="padding">3</field>
            <field name="company_id" eval="False"/>
        </record>





    </data>
</openerp>