<?xml version="1.0" encoding="utf-8"?>
<openerp>
    <data noupdate="0">

        <record id="make_invisible_sale" model="res.groups">
            <field name="name">Visible Sale</field>
        </record>
        
        <record id="make_invisible" model="res.groups">
            <field name="name">Visible</field>
        </record>
        
        <record id="unwanted_purchases" model="res.groups">
            <field name="name">Unwanted Purchases</field>
        </record> --> 

    </data>
</openerp>