<?xml version="1.0" encoding="utf-8"?>
<openerp>
	<data noupdate="0">


		<record model="ir.rule" id="model_partner_daily_statement_rule">
			<field name="name">Driver Daily Stmt</field>
			<field name="model_id" ref="model_driver_daily_statement"/>
			<field name="groups" eval="[(4, ref('hiworth_hr_attendance.group_driver')),(4, ref('hiworth_hr_attendance.group_eicher_driver'))]"/>
			<field name="domain_force">[('driver_name','=',user.employee_id.id)]</field>
			<field name="perm_read" eval="True"/>
			<field name="perm_create" eval="False"/>
			<field name="perm_write" eval="False"/>
			<field name="perm_unlink" eval="False"/>
		</record>

		<record model="ir.rule" id="model_partner_daily_statement_line_rule">
			<field name="name">Driver Daily Stmt Line</field>
			<field name="model_id" ref="model_driver_daily_statement_line"/>
			<field name="groups" eval="[(4, ref('hiworth_hr_attendance.group_driver')),(4, ref('hiworth_hr_attendance.group_eicher_driver'))]"/>
			<field name="domain_force">[('line_id','!=',False)]</field>
			<field name="perm_read" eval="True"/>
			<field name="perm_create" eval="False"/>
			<field name="perm_write" eval="False"/>
			<field name="perm_unlink" eval="False"/>
		</record>

	</data>
</openerp>